video,frame,n_objects,mean_area,mean_confidence
45112025.MOV,0,0,0.0,0.0
45112025.MOV,1,0,0.0,0.0
45112025.MOV,2,1,193805.0,0.6576507687568665
45112025.MOV,3,1,194220.0,0.6649935245513916
45112025.MOV,4,2,162783.0,0.31101295351982117
45112025.MOV,5,3,218628.66666666666,0.544183353583018
45112025.MOV,6,4,213327.75,0.5089127942919731
45112025.MOV,7,4,213346.25,0.7720219194889069
45112025.MOV,8,4,212983.5,0.8260092437267303
45112025.MOV,9,4,212989.25,0.7787137925624847
45112025.MOV,10,4,212709.0,0.8448725044727325
45112025.MOV,11,4,213627.5,0.7908155620098114
45112025.MOV,12,4,214166.0,0.7493087351322174
45112025.MOV,13,4,214780.0,0.7540515065193176
45112025.MOV,14,4,214796.25,0.5490802526473999
45112025.MOV,15,4,214679.25,0.49388359983762103
45112025.MOV,16,4,215517.75,0.6339287161827087
45112025.MOV,17,4,212484.5,0.7005492746829987
45112025.MOV,18,4,212106.0,0.7179701626300812
45112025.MOV,19,4,211569.5,0.764916330575943
45112025.MOV,20,4,210898.5,0.7672410309314728
45112025.MOV,21,4,212368.0,0.7435730993747711
45112025.MOV,22,4,212759.0,0.7874674797058105
45112025.MOV,23,4,211932.75,0.8097551763057709
45112025.MOV,24,4,211495.75,0.8401570022106171
45112025.MOV,25,4,211600.25,0.7845625281333923
45112025.MOV,26,4,209784.0,0.557239313920339
45112025.MOV,27,4,209798.5,0.7433404624462128
45112025.MOV,28,4,210303.0,0.73675337433815
45112025.MOV,29,4,211083.0,0.5500439405441284
45112025.MOV,30,4,208347.25,0.6498876512050629
45112025.MOV,31,4,208612.75,0.7265624105930328
45112025.MOV,32,5,225581.4,0.6737296680609385
45112025.MOV,33,5,225767.4,0.8631607592105865
45112025.MOV,34,5,224982.2,0.6630860765775045
45112025.MOV,35,5,224519.6,0.6486895084381104
45112025.MOV,36,5,224453.0,0.6806779106458029
45112025.MOV,37,5,224441.4,0.5910426874955496
45112025.MOV,38,5,222764.8,0.7124313612778982
45112025.MOV,39,5,222763.0,0.7503319382667542
45112025.MOV,40,5,222106.6,0.5104827210307121
45112025.MOV,41,5,221440.0,0.6143626719713211
45112025.MOV,42,5,221241.8,0.6076042453447977
45112025.MOV,43,5,220805.4,0.6931303441524506
45112025.MOV,44,5,220792.8,0.6511564056078593
45112025.MOV,45,5,220032.4,0.5779085382819176
45112025.MOV,46,5,219152.4,0.5349582880735397
45112025.MOV,47,5,218890.6,0.8551612198352814
45112025.MOV,48,5,218789.6,0.8671160936355591
45112025.MOV,49,5,218409.4,0.8142334520816803
45112025.MOV,50,5,217823.8,0.747144897778829
45112025.MOV,51,6,185794.83333333334,0.5786984920501709
45112025.MOV,52,6,187022.16666666666,0.6271298378705978
45112025.MOV,53,6,187795.0,0.7184828420480093
45112025.MOV,54,6,188695.5,0.6571876704692841
45112025.MOV,55,6,189104.83333333334,0.7747366031010946
45112025.MOV,56,6,189383.5,0.713066853582859
45112025.MOV,57,6,189949.0,0.612439937889576
45112025.MOV,58,6,190560.83333333334,0.6053896620869637
45112025.MOV,59,6,192453.5,0.6685564637184143
45112025.MOV,60,6,193573.16666666666,0.8470436731974283
45112025.MOV,61,6,195032.33333333334,0.7604946295420328
45112025.MOV,62,6,196021.16666666666,0.7945193449656168
45112025.MOV,63,6,196908.0,0.7021534442901611
45112025.MOV,64,6,197846.0,0.6237027645111084
45112025.MOV,65,6,197438.5,0.7212445735931396
45112025.MOV,66,6,197486.66666666666,0.7325435131788254
45112025.MOV,67,6,196755.83333333334,0.7255229204893112
45112025.MOV,68,6,196747.66666666666,0.6920205950737
45112025.MOV,69,6,194889.5,0.6610093861818314
45112025.MOV,70,6,191987.33333333334,0.7175918817520142
45112025.MOV,71,6,188801.5,0.654536614815394
45112025.MOV,72,6,185415.33333333334,0.7138149936993917
45112025.MOV,73,6,182725.5,0.6506375893950462
45112025.MOV,74,6,180042.0,0.6010987013578415
45112025.MOV,75,6,178439.33333333334,0.6992892622947693
45112025.MOV,76,6,176194.16666666666,0.6477369368076324
45112025.MOV,77,5,185051.2,0.7049778004487356
45112025.MOV,78,5,182314.6,0.6239889661471049
45112025.MOV,79,5,181130.6,0.8253474235534668
45112025.MOV,80,5,182128.0,0.6640442162752151
45112025.MOV,81,5,181825.0,0.6661026378472646
45112025.MOV,82,5,181329.6,0.7188920378684998
45112025.MOV,83,5,180812.8,0.6964917083581289
45112025.MOV,84,5,184222.0,0.6618247181177139
45112025.MOV,85,5,184482.2,0.7638489802678426
45112025.MOV,86,5,184873.0,0.7390284935633341
45112025.MOV,87,5,185334.0,0.7539217273394266
45112025.MOV,88,5,186013.8,0.7256665627161661
45112025.MOV,89,5,186811.0,0.7173344294230143
45112025.MOV,90,4,233923.5,0.7947314977645874
45112025.MOV,91,4,245377.5,0.6536971554160118
45112025.MOV,92,4,248082.25,0.726837694644928
45112025.MOV,93,4,253759.25,0.6928122341632843
45112025.MOV,94,4,258845.75,0.7008398473262787
45112025.MOV,95,4,263862.5,0.7500436305999756
45112025.MOV,96,4,268763.25,0.7532016038894653
45112025.MOV,97,4,272343.0,0.6567584077517191
45112025.MOV,98,4,275869.5,0.7055362164974213
45112025.MOV,99,4,280108.25,0.6336982548236847
45112025.MOV,100,4,283939.0,0.6213903526465098
45112025.MOV,101,4,287314.75,0.6725212136904398
45112025.MOV,102,4,289790.5,0.8859973549842834
45112025.MOV,103,4,292631.5,0.707688053448995
45112025.MOV,104,4,295063.5,0.7166955967744192
45112025.MOV,105,4,296760.5,0.7062759002049764
45112025.MOV,106,4,298899.75,0.7484971682230631
45112025.MOV,107,4,299511.0,0.7630781531333923
45112025.MOV,108,4,300127.5,0.8076391816139221
45112025.MOV,109,4,301286.0,0.7881526549657186
45112025.MOV,110,4,302649.5,0.7897323966026306
45112025.MOV,111,4,299768.75,0.7981972893079122
45112025.MOV,112,4,297285.0,0.8422483007113138
45112025.MOV,113,4,295576.5,0.854060967763265
45112025.MOV,114,4,293042.75,0.8485853672027588
45112025.MOV,115,4,291210.75,0.8099867701530457
45112025.MOV,116,4,296111.25,0.6333114206790924
45112025.MOV,117,4,290774.25,0.6955588907003403
45112025.MOV,118,4,287449.0,0.7161882519721985
45112025.MOV,119,4,284222.5,0.7104364236195883
45112025.MOV,120,4,281206.25,0.6213380893071493
45112025.MOV,121,4,275068.75,0.6344300955533981
45112025.MOV,122,4,272080.5,0.5886676609516144
45112025.MOV,123,4,269557.5,0.5345848401387533
45112025.MOV,124,4,266148.0,0.46459347009658813
45112025.MOV,125,4,262793.5,0.5019759684801102
45112025.MOV,126,4,259132.25,0.5177776217460632
45112025.MOV,127,4,258472.5,0.6189107298851013
45112025.MOV,128,4,256698.75,0.7642008662223816
45112025.MOV,129,4,254465.0,0.7858031094074249
45112025.MOV,130,4,252699.75,0.8385117948055267
45112025.MOV,131,4,250613.25,0.8566249310970306
45112025.MOV,132,4,249480.0,0.8814405202865601
45112025.MOV,133,4,247652.5,0.8586703538894653
45112025.MOV,134,4,244761.0,0.7411277890205383
45112025.MOV,135,4,242262.0,0.7417856256167094
45112025.MOV,136,4,240289.75,0.7554133335749308
45112025.MOV,137,4,240338.5,0.5291622430086136
45112025.MOV,138,4,239615.0,0.5861183926463127
45112025.MOV,139,5,255369.6,0.5917051732540131
45112025.MOV,140,5,254539.4,0.7051032185554504
45112025.MOV,141,5,253348.4,0.6005654156208038
45112025.MOV,142,5,252313.4,0.6499086678028106
45112025.MOV,143,5,251671.0,0.7439184188842773
45112025.MOV,144,5,250966.0,0.7483267933130264
45112025.MOV,145,5,251072.0,0.7514615952968597
45112025.MOV,146,5,250479.4,0.7448369115591049
45112025.MOV,147,5,250511.8,0.5472932755947113
45112025.MOV,148,5,250032.2,0.6701968535780907
45112025.MOV,149,5,250419.8,0.5313596650958061
45112025.MOV,150,5,250356.2,0.6120765432715416
45112025.MOV,151,5,251097.0,0.6486741006374359
45112025.MOV,152,5,250744.8,0.6123656928539276
45112025.MOV,153,5,251144.8,0.5451631769537926
45112025.MOV,154,5,251153.0,0.5923337489366531
45112025.MOV,155,5,230290.4,0.49474271535873415
45112025.MOV,156,5,230157.6,0.4776712507009506
45112025.MOV,157,5,249477.6,0.5614075541496277
45112025.MOV,158,5,236580.2,0.6189386129379273
45112025.MOV,159,5,236750.6,0.7717191179593405
45112025.MOV,160,5,235048.2,0.7696015238761902
45112025.MOV,161,5,233757.2,0.6913552805781364
45112025.MOV,162,5,231985.0,0.7016912773251534
45112025.MOV,163,5,229623.4,0.7534642070531845
45112025.MOV,164,5,227430.0,0.8097155392169952
45112025.MOV,165,5,225883.8,0.7789654731750488
45112025.MOV,166,5,225608.8,0.8397936820983887
45112025.MOV,167,5,224104.8,0.6759056150913239
45112025.MOV,168,5,220788.2,0.7059106007218361
45112025.MOV,169,5,217934.6,0.6750226020812988
45112025.MOV,170,5,244951.4,0.5378249287605286
45112025.MOV,171,5,242835.4,0.6007450670003891
45112025.MOV,172,5,242305.4,0.507492470741272
45112025.MOV,173,5,243129.8,0.6553495228290558
45112025.MOV,174,5,242028.6,0.6175773665308952
45112025.MOV,175,5,240194.4,0.5822066307067871
45112025.MOV,176,5,238653.8,0.5440567672252655
45112025.MOV,177,5,238001.6,0.7247079014778137
45112025.MOV,178,5,237324.2,0.557945728302002
45112025.MOV,179,5,236252.6,0.6153394728899002
45112025.MOV,180,6,221831.33333333334,0.5883369266986846
45112025.MOV,181,6,221865.83333333334,0.57969581335783
45112025.MOV,182,6,222734.5,0.5946361944079399
45112025.MOV,183,6,219172.83333333334,0.5226326212286949
45112025.MOV,184,6,218858.33333333334,0.7449157238006592
45112025.MOV,185,6,217242.66666666666,0.5930278599262238
45112025.MOV,186,6,217454.33333333334,0.5326143602530161
45112025.MOV,187,6,217391.5,0.5080647071202596
45112025.MOV,188,6,217084.83333333334,0.5307618081569672
45112025.MOV,189,6,216764.33333333334,0.649897038936615
45112025.MOV,190,6,227247.33333333334,0.5225561757882436
45112025.MOV,191,6,229735.16666666666,0.5163385967413584
45112025.MOV,192,6,230565.16666666666,0.5639958679676056
45112025.MOV,193,6,230739.0,0.6465830206871033
45112025.MOV,194,6,236450.16666666666,0.5364605685075124
45112025.MOV,195,6,236364.16666666666,0.5947968463102976
45112025.MOV,196,6,235665.5,0.748842199643453
45112025.MOV,197,6,234581.16666666666,0.6966103514035543
45112025.MOV,198,6,235000.5,0.6089311838150024
45112025.MOV,199,6,234890.0,0.5466234087944031
45112025.MOV,200,6,235738.66666666666,0.5032553225755692
45112025.MOV,201,6,237528.66666666666,0.5153178373972574
45112025.MOV,202,6,238787.83333333334,0.512011930346489
45112025.MOV,203,6,242991.16666666666,0.5177035133043925
45112025.MOV,204,6,245246.83333333334,0.6454347968101501
45112025.MOV,205,6,243182.16666666666,0.6284835785627365
45112025.MOV,206,6,239644.0,0.606797069311142
45112025.MOV,207,5,238390.0,0.5016286969184875
45112025.MOV,208,5,236862.8,0.583575502038002
45112025.MOV,209,5,239315.4,0.5623116195201874
45112025.MOV,210,5,240537.6,0.5924697518348694
45112025.MOV,211,5,240943.2,0.611515462398529
45112025.MOV,212,4,251551.0,0.6840858459472656
45112025.MOV,213,4,251152.75,0.6874129772186279
45112025.MOV,214,4,249295.5,0.6728624105453491
45112025.MOV,215,4,249629.75,0.6108837723731995
45112025.MOV,216,4,250716.5,0.6742140054702759
45112025.MOV,217,4,251944.0,0.6174399852752686
45112025.MOV,218,4,253126.0,0.7228490114212036
45112025.MOV,219,4,250044.0,0.6095598042011261
45112025.MOV,220,4,250860.75,0.6858710050582886
45112025.MOV,221,4,249772.0,0.4871322363615036
45112025.MOV,222,3,242224.66666666666,0.6773114800453186
45112025.MOV,223,3,242730.0,0.6992900967597961
45112025.MOV,224,3,244138.33333333334,0.6829110980033875
45112025.MOV,225,3,244251.0,0.48222115635871887
45112025.MOV,226,3,247213.66666666666,0.6001458168029785
45112025.MOV,227,3,247614.66666666666,0.5615828633308411
45112025.MOV,228,3,257640.66666666666,0.5638810992240906
45112025.MOV,229,3,260694.66666666666,0.4720737636089325
45112025.MOV,230,3,261003.66666666666,0.5511756539344788
45112025.MOV,231,3,254901.66666666666,0.3340221345424652
45112025.MOV,232,3,251862.0,0.6371358036994934
45112025.MOV,233,3,253358.33333333334,0.4811309278011322
45112025.MOV,234,2,243550.0,0.42408163845539093
45112025.MOV,235,2,239647.0,0.5496208220720291
45112025.MOV,236,2,236594.0,0.5460902452468872
45112025.MOV,237,2,240774.0,0.5256951600313187
45112025.MOV,238,2,239093.0,0.571754515171051
45112025.MOV,239,2,245692.5,0.5416494309902191
45112025.MOV,240,2,247009.5,0.5191814601421356
45112025.MOV,241,2,247623.0,0.5144432783126831
45112025.MOV,242,3,255755.0,0.47967849175135296
45112025.MOV,243,3,255254.66666666666,0.4790586978197098
45112025.MOV,244,3,256192.66666666666,0.45212721824645996
45112025.MOV,245,3,257255.0,0.5146793276071548
45112025.MOV,246,3,257660.66666666666,0.5409099757671356
45112025.MOV,247,3,257618.33333333334,0.6607166230678558
45112025.MOV,248,3,255535.0,0.6418565809726715
45112025.MOV,249,3,253365.66666666666,0.5122393568356832
45112025.MOV,250,3,251930.0,0.559451142946879
45112025.MOV,251,3,251797.33333333334,0.5397791564464569
45112025.MOV,252,3,250462.66666666666,0.6325994431972504
45112025.MOV,253,3,250805.33333333334,0.6723182499408722
45112025.MOV,254,3,250651.0,0.5095913509527842
45112025.MOV,255,3,252636.0,0.5960732400417328
45112025.MOV,256,3,253332.33333333334,0.4505149722099304
45112025.MOV,257,3,252301.66666666666,0.5180460214614868
45112025.MOV,258,3,251173.66666666666,0.5091833670934042
45112025.MOV,259,3,251600.66666666666,0.6919342279434204
45112025.MOV,260,3,251687.0,0.5398675501346588
45112025.MOV,261,3,251907.0,0.5633163352807363
45112025.MOV,262,3,252033.33333333334,0.5497876306374868
45112025.MOV,263,3,252147.66666666666,0.7046953737735748
45112025.MOV,264,3,252025.0,0.6375811994075775
45112025.MOV,265,3,253510.0,0.6904217302799225
45112025.MOV,266,3,256906.66666666666,0.5768363972504934
45112025.MOV,267,3,256522.66666666666,0.5777285397052765
45112025.MOV,268,3,258581.33333333334,0.6177135606606802
45112025.MOV,269,3,258389.33333333334,0.6773410240809122
45112025.MOV,270,3,260334.0,0.5168743431568146
45112025.MOV,271,3,261635.0,0.67148157954216
45112025.MOV,272,3,264206.3333333333,0.5488133281469345
45112025.MOV,273,3,264365.6666666667,0.6353281736373901
45112025.MOV,274,3,265328.3333333333,0.6548157036304474
45112025.MOV,275,3,267579.6666666667,0.621477335691452
45112025.MOV,276,3,268390.3333333333,0.667814165353775
45112025.MOV,277,3,257424.0,0.5234478563070297
45112025.MOV,278,3,253112.33333333334,0.5981117635965347
45112025.MOV,279,3,250868.0,0.4913192540407181
45112025.MOV,280,3,250475.66666666666,0.6626209616661072
45112025.MOV,281,3,250176.0,0.5255320072174072
45112025.MOV,282,3,254718.0,0.6702710688114166
45112025.MOV,283,3,255869.66666666666,0.7299373745918274
45112025.MOV,284,3,259502.33333333334,0.8279800415039062
45112025.MOV,285,3,260709.0,0.7296483218669891
45112025.MOV,286,3,249827.33333333334,0.5405829548835754
45112025.MOV,287,3,236077.66666666666,0.322520911693573
45112025.MOV,288,4,238741.0,0.7306881546974182
45112025.MOV,289,4,230895.25,0.5880888253450394
45112025.MOV,290,4,222419.5,0.5796376913785934
45112025.MOV,291,4,217936.75,0.5858273506164551
45112025.MOV,292,5,200880.8,0.6734890937805176
45112025.MOV,293,5,195701.8,0.49918366968631744
45112025.MOV,294,5,193295.0,0.5445525795221329
45112025.MOV,295,5,191637.6,0.5324378311634064
45112025.MOV,296,5,188732.8,0.5210216790437698
45112025.MOV,297,5,177298.4,0.412858118613561
45112025.MOV,298,5,181239.8,0.6600392460823059
45112025.MOV,299,5,180874.6,0.5164004415273666
45112025.MOV,300,5,181024.2,0.6790522634983063
45112025.MOV,301,5,172520.0,0.7006497085094452
45112025.MOV,302,5,180193.4,0.43041521310806274
45112025.MOV,303,5,178602.8,0.6146454513072968
45112025.MOV,304,5,177807.4,0.6415869295597076
45112025.MOV,305,5,177395.6,0.786058783531189
45112025.MOV,306,5,177133.4,0.6780097484588623
45112025.MOV,307,5,177590.6,0.8419531285762787
45112025.MOV,308,5,177710.0,0.8550359606742859
45112025.MOV,309,6,180141.66666666666,0.6136580506960551
45112025.MOV,310,6,176935.33333333334,0.7083154022693634
45112025.MOV,311,6,173571.66666666666,0.6584065854549408
45112025.MOV,312,6,170949.5,0.5362278819084167
45112025.MOV,313,6,167749.5,0.5156370798746744
45112025.MOV,314,6,166497.83333333334,0.6566653847694397
45112025.MOV,315,6,164482.83333333334,0.7788263360659281
45112025.MOV,316,6,163226.16666666666,0.6994492014249166
45112025.MOV,317,5,194051.2,0.6824487249056498
45112025.MOV,318,5,192507.6,0.6506867309411367
45112025.MOV,319,5,191938.2,0.7162692149480184
45112025.MOV,320,5,191819.4,0.6007315516471863
45112025.MOV,321,5,192040.2,0.5744700729846954
45112025.MOV,322,5,192941.8,0.7153816819190979
45112025.MOV,323,5,194384.8,0.7897138992945353
45112025.MOV,324,5,196948.8,0.761875847975413
45112025.MOV,325,5,197520.8,0.7761097351710001
45112025.MOV,326,5,198636.0,0.6361103852589926
45112025.MOV,327,5,197985.8,0.7649367451667786
45112025.MOV,328,5,196828.4,0.7523696819941202
45112025.MOV,329,5,195870.0,0.761505921681722
45112025.MOV,330,5,196256.8,0.7866799632708231
45112025.MOV,331,4,246796.75,0.7934797207514445
45112025.MOV,332,4,249547.75,0.7374756336212158
45112025.MOV,333,4,252473.25,0.7902748584747314
45112025.MOV,334,3,235897.33333333334,0.8050763209660848
45112025.MOV,335,3,239610.0,0.8470203479131063
45112025.MOV,336,3,242167.33333333334,0.8034025828043619
45112025.MOV,337,3,244757.66666666666,0.7911560932795206
45112025.MOV,338,3,246013.33333333334,0.8074363867441813
45112025.MOV,339,3,246618.66666666666,0.8768299619356791
45112025.MOV,340,3,246134.0,0.8680794636408488
45112025.MOV,341,3,246271.66666666666,0.8417326807975769
45112025.MOV,342,3,243472.0,0.8519466718037924
45112025.MOV,343,3,242088.66666666666,0.8718505303064982
45112025.MOV,344,3,241009.0,0.7864564458529154
45112025.MOV,345,3,241021.33333333334,0.8371114929517111
45112025.MOV,346,3,221528.66666666666,0.8320653438568115
45112025.MOV,347,3,202376.0,0.7982475757598877
45112025.MOV,348,3,239614.0,0.8016789555549622
45112025.MOV,349,3,212124.33333333334,0.8538971741994222
45112025.MOV,350,3,198087.66666666666,0.8749210834503174
45112025.MOV,351,3,193424.0,0.8554681738217672
45112025.MOV,352,3,191474.0,0.8334748148918152
45112025.MOV,353,3,189917.33333333334,0.8187025785446167
45112025.MOV,354,4,258300.75,0.7325656116008759
45112025.MOV,355,4,258167.5,0.8705185651779175
45112025.MOV,356,4,259827.75,0.7372174933552742
45112025.MOV,357,4,260708.5,0.8469975193341573
45112025.MOV,358,4,257841.75,0.829955538113912
45112025.MOV,359,4,254850.25,0.8544224699338278
45112025.MOV,360,4,251430.5,0.8536698420842489
45112025.MOV,361,4,248326.25,0.853731652100881
45112025.MOV,362,4,245146.5,0.8069629271825155
45112025.MOV,363,4,242682.0,0.7922728260358175
45112025.MOV,364,4,245545.0,0.6894132271409035
45112025.MOV,365,4,252379.0,0.8495514194170634
45112025.MOV,366,4,254715.75,0.8356520930926005
45112025.MOV,367,4,256298.0,0.8254122138023376
45112025.MOV,368,4,255973.0,0.8372850020726522
45112025.MOV,369,4,256058.25,0.8714789748191833
45112025.MOV,370,4,255047.0,0.8836833834648132
45112025.MOV,371,4,254055.75,0.8925671974817911
45112025.MOV,372,4,252342.0,0.8758833805720011
45112025.MOV,373,4,251155.5,0.8421173493067423
45112025.MOV,374,4,249819.0,0.8515181740125021
45112025.MOV,375,4,249044.0,0.8394930958747864
45112025.MOV,376,4,248363.5,0.8251371383666992
45112025.MOV,377,4,247319.25,0.7068994343280792
45112025.MOV,378,4,247507.0,0.7670279145240784
45112025.MOV,379,4,247198.25,0.856236477692922
45112025.MOV,380,4,247537.0,0.7999561627705892
45112025.MOV,381,4,246926.25,0.8420277237892151
45112025.MOV,382,4,247200.25,0.7987570365269979
45112025.MOV,383,4,247593.0,0.798877477645874
45112025.MOV,384,4,247589.75,0.7884657979011536
45112025.MOV,385,4,248040.5,0.7933132449785868
45112025.MOV,386,4,247660.5,0.7955110669136047
45112025.MOV,387,4,247850.0,0.8342416882514954
45112025.MOV,388,4,247742.0,0.8220418294270834
45112025.MOV,389,4,247670.75,0.6825958689053854
45112025.MOV,390,4,247545.75,0.8847801685333252
45112025.MOV,391,4,247678.0,0.722037692864736
45112025.MOV,392,4,247270.0,0.7098531723022461
45112025.MOV,393,4,247250.0,0.6738010843594869
45112025.MOV,394,4,246202.0,0.8695322573184967
45112025.MOV,395,4,246349.0,0.7619316776593527
45112025.MOV,396,4,245973.0,0.7361965080102285
45112025.MOV,397,4,244859.0,0.7174239158630371
45112025.MOV,398,4,244400.5,0.7026064097881317
45112025.MOV,399,4,243760.75,0.75525430838267
45112025.MOV,400,4,243207.25,0.8131037553151449
45112025.MOV,401,4,242512.75,0.8257889151573181
45112025.MOV,402,4,241983.5,0.8316031694412231
45112025.MOV,403,4,295794.5,0.6532917097210884
45112025.MOV,404,4,293051.5,0.7662938435872396
45112025.MOV,405,4,295537.25,0.6492014080286026
45112025.MOV,406,4,295678.25,0.7242927153905233
45112025.MOV,407,4,295994.5,0.7396988471349081
45112025.MOV,408,4,296766.0,0.80703204870224
45112025.MOV,409,4,298878.5,0.5905082896351814
45112025.MOV,410,4,297788.0,0.6813090840975443
45112025.MOV,411,4,296618.25,0.7726197441418966
45112025.MOV,412,4,295908.25,0.7917736967404684
45112025.MOV,413,4,294442.25,0.8102903564771017
45112025.MOV,414,4,293445.0,0.8077844778696696
45112025.MOV,415,4,291583.75,0.833253026008606
45112025.MOV,416,4,290191.0,0.7750295003255209
45112025.MOV,417,4,288421.75,0.7620711723963419
45112025.MOV,418,4,287101.0,0.8301926453908285
45112025.MOV,419,4,285494.75,0.7920862436294556
45112025.MOV,420,4,284329.5,0.8569837013880411
45112025.MOV,421,4,282578.25,0.8229535222053528
45112025.MOV,422,4,280768.75,0.8306776682535807
45112025.MOV,423,4,278341.75,0.7394553621610006
45112025.MOV,424,4,275936.5,0.7190762162208557
45112025.MOV,425,4,273410.5,0.6075025598208109
45112025.MOV,426,4,271367.75,0.6978786786397299
45112025.MOV,427,4,269226.75,0.7345409393310547
45112025.MOV,428,4,266716.0,0.7756684223810831
45112025.MOV,429,4,264038.25,0.7285338242848715
45112025.MOV,430,4,261242.5,0.773391842842102
45112025.MOV,431,4,258865.5,0.8008757630983988
45112025.MOV,432,4,308473.0,0.619611531496048
45112025.MOV,433,4,308798.5,0.6287869811058044
45112025.MOV,434,4,309261.25,0.7422827482223511
45112025.MOV,435,4,309340.0,0.7672689358393351
45112025.MOV,436,4,309652.5,0.7805686791737875
45112025.MOV,437,4,309571.25,0.7672980030377706
45112025.MOV,438,4,309134.75,0.7788078188896179
45112025.MOV,439,4,309324.0,0.8216144641240438
45112025.MOV,440,4,309667.5,0.8025608857472738
45112025.MOV,441,4,310222.0,0.7673860192298889
45112025.MOV,442,4,310888.0,0.8052945733070374
45112025.MOV,443,4,311626.75,0.7372862299283346
45112025.MOV,444,4,312253.5,0.7236642241477966
45112025.MOV,445,4,312588.0,0.6185640792051951
45112025.MOV,446,4,312091.5,0.7648228605588278
45112025.MOV,447,4,311898.75,0.7342778642972311
45112025.MOV,448,4,311875.75,0.7106996178627014
45112025.MOV,449,4,311013.5,0.7032817800839742
45112025.MOV,450,4,311713.75,0.6581524610519409
45112025.MOV,451,4,312353.75,0.6363276839256287
45112025.MOV,452,4,313066.75,0.7586255669593811
45112025.MOV,453,4,314217.0,0.65044304728508
45112025.MOV,454,4,315810.0,0.7005906701087952
45112025.MOV,455,4,316018.5,0.7297053933143616
45112025.MOV,456,4,316085.75,0.7667626539866129
45112025.MOV,457,4,316484.25,0.758091390132904
45112025.MOV,458,4,318095.25,0.693188488483429
45112025.MOV,459,4,318959.75,0.5999861558278402
45112025.MOV,460,4,320349.0,0.6193711459636688
45112025.MOV,461,4,321755.5,0.6057988703250885
45112025.MOV,462,4,323109.25,0.7356664339701334
45112025.MOV,463,4,324398.0,0.7606129248936971
45112025.MOV,464,3,249738.66666666666,0.844250500202179
45112025.MOV,465,3,251172.0,0.6931049625078837
45112025.MOV,466,3,253864.0,0.7057357430458069
45112025.MOV,467,3,255314.0,0.727636327346166
45112025.MOV,468,3,257349.33333333334,0.7136357625325521
45112025.MOV,469,3,260182.33333333334,0.675335685412089
45112025.MOV,470,4,208649.75,0.6717581078410149
45112025.MOV,471,4,206004.75,0.6924030880133311
45112025.MOV,472,4,204430.25,0.7078075309594473
45112025.MOV,473,4,202189.5,0.5939262881875038
45112025.MOV,474,4,203756.0,0.6815717592835426
45112025.MOV,475,4,203618.5,0.7583683331807455
45112025.MOV,476,4,203282.5,0.6980229119459788
45112025.MOV,477,4,201310.0,0.5506925210356712
45112025.MOV,478,4,200602.0,0.5658288896083832
45112025.MOV,479,4,200328.0,0.6357311109701792
45112025.MOV,480,4,195803.5,0.6654672423998514
45112025.MOV,481,4,196676.0,0.5665302947163582
45112025.MOV,482,4,196887.0,0.5897702425718307
45112025.MOV,483,4,197399.25,0.675295002758503
45112025.MOV,484,4,194899.0,0.650981068611145
45112025.MOV,485,4,195188.25,0.7685468991597494
45112025.MOV,486,4,195351.5,0.6281768903136253
45112025.MOV,487,4,196693.25,0.5433766543865204
45112025.MOV,488,4,198531.5,0.5696688741445541
45112025.MOV,489,4,198903.25,0.4693157474199931
45112025.MOV,490,5,160877.0,0.6926007767518362
45112025.MOV,491,5,160702.8,0.5900737941265106
45112025.MOV,492,5,162395.2,0.5566508919000626
45112025.MOV,493,5,162733.4,0.5934633687138557
45112025.MOV,494,5,164175.2,0.684859961271286
45112025.MOV,495,5,165063.6,0.6389200389385223
45112025.MOV,496,5,166241.2,0.6797340512275696
45112025.MOV,497,6,150012.16666666666,0.5865136012434959
45112025.MOV,498,6,149658.66666666666,0.6557032838463783
45112025.MOV,499,6,151411.83333333334,0.5070156082510948
45112025.MOV,500,6,152112.33333333334,0.6477342148621877
45112025.MOV,501,7,132598.57142857142,0.5064387694001198
45112025.MOV,502,7,132243.57142857142,0.5614685813585917
45112025.MOV,503,7,132584.0,0.6422195633252462
45112025.MOV,504,7,132846.14285714287,0.7164445221424103
45112025.MOV,505,7,133491.42857142858,0.7897667288780212
45112025.MOV,506,7,133951.7142857143,0.779899924993515
45112025.MOV,507,7,134244.2857142857,0.547814130783081
45112025.MOV,508,7,139935.42857142858,0.5714226737618446
45112025.MOV,509,7,141619.14285714287,0.4819558337330818
45112025.MOV,510,7,142586.7142857143,0.5804832875728607
45112025.MOV,511,7,149990.0,0.4663910965124766
45112025.MOV,512,7,151523.0,0.7575552463531494
45112025.MOV,513,7,152423.42857142858,0.5678588971495628
45112025.MOV,514,7,154357.2857142857,0.786083847284317
45112025.MOV,515,7,152641.14285714287,0.5791850462555885
45112025.MOV,516,7,152147.7142857143,0.641479084889094
45112025.MOV,517,7,151890.2857142857,0.6705276146531105
45112025.MOV,518,7,151278.57142857142,0.4869953989982605
45112025.MOV,519,7,165356.14285714287,0.6331817408402761
45112025.MOV,520,7,165993.7142857143,0.45119795203208923
45112025.MOV,521,8,160994.125,0.650230273604393
45112025.MOV,522,8,161411.75,0.6051674112677574
45112025.MOV,523,8,164134.25,0.7795381744702657
45112025.MOV,524,8,167048.0,0.6410952111085256
45112025.MOV,525,8,170569.125,0.7629872560501099
45112025.MOV,526,8,173508.0,0.7777597904205322
45112025.MOV,527,8,176447.5,0.7670127153396606
45112025.MOV,528,9,176520.77777777778,0.8222210705280304
45112025.MOV,529,9,179693.55555555556,0.8760928511619568
45112025.MOV,530,8,206299.0,0.8649017512798309
45112025.MOV,531,8,209568.125,0.8880123198032379
45112025.MOV,532,8,212099.25,0.7534231543540955
45112025.MOV,533,9,208689.0,0.8942914009094238
45112025.MOV,534,9,211069.88888888888,0.9180285930633545
45112025.MOV,535,10,199390.5,0.7998684843381246
45112025.MOV,536,10,200940.7,0.9293828010559082
45112025.MOV,537,10,202323.9,0.9281576573848724
45112025.MOV,538,10,204101.8,0.8923731446266174
45112025.MOV,539,10,205652.5,0.8838670253753662
45112025.MOV,540,10,207519.3,0.588170200586319
45112025.MOV,541,9,219479.22222222222,0.6228008568286896
45112025.MOV,542,9,221448.66666666666,0.7231525182723999
45112025.MOV,543,9,223070.55555555556,0.5803798735141754
45112025.MOV,544,9,225319.0,0.729944258928299
45112025.MOV,545,10,216081.5,0.6190745234489441
45112025.MOV,546,10,218814.4,0.26024314761161804
45112025.MOV,547,11,223793.36363636365,0.6001046895980835
45112025.MOV,548,9,273863.1111111111,0.5468831062316895
45112025.MOV,549,9,281378.0,0.6487967520952225
45112025.MOV,550,9,288004.1111111111,0.7122175097465515
45112025.MOV,551,9,297258.55555555556,0.5826948136091232
45112025.MOV,552,9,302918.6666666667,0.7060163617134094
45112025.MOV,553,8,337682.25,0.684331864118576
45112025.MOV,554,8,343080.375,0.8913457989692688
45112025.MOV,555,7,388118.85714285716,0.7429576516151428
45112025.MOV,556,7,391192.71428571426,0.5512719452381134
45112025.MOV,557,6,378729.3333333333,0.6852214485406876
45112025.MOV,558,6,382585.3333333333,0.5950964987277985
45112025.MOV,559,6,385630.6666666667,0.7875103950500488
45112025.MOV,560,6,388315.1666666667,0.5600317120552063
45112025.MOV,561,6,389688.1666666667,0.8712639212608337
45112025.MOV,562,5,369519.4,0.6695610880851746
45112025.MOV,563,5,370505.0,0.8310975432395935
45112025.MOV,564,6,374574.1666666667,0.5896179378032684
45112025.MOV,565,6,373944.1666666667,0.6020011901855469
45112025.MOV,566,5,406415.0,0.831557035446167
45112025.MOV,567,5,404045.6,0.6278952658176422
45112025.MOV,568,5,401259.2,0.870629221200943
45112025.MOV,569,5,398644.8,0.6844806373119354
45112025.MOV,570,5,392982.0,0.689617395401001
45112025.MOV,571,5,386432.4,0.6270116666952769
45112025.MOV,572,5,378773.2,0.6093608438968658
45112025.MOV,573,5,371237.6,0.6721508403619131
45112025.MOV,574,5,364255.0,0.6629372934500376
45112025.MOV,575,5,357208.6,0.8422024846076965
45112025.MOV,576,4,302110.5,0.8291039764881134
45112025.MOV,577,4,292863.5,0.7811292111873627
45112025.MOV,578,4,285310.75,0.48350371917088825
45112025.MOV,579,3,322693.3333333333,0.7069299519062042
45112025.MOV,580,3,324554.3333333333,0.5772663056850433
45112025.MOV,581,3,323123.3333333333,0.5931078493595123
45112025.MOV,582,4,295175.5,0.5994379917780558
45112025.MOV,583,4,293787.25,0.6127069741487503
45112025.MOV,584,4,293824.75,0.5908611416816711
45112025.MOV,585,4,292334.25,0.6375877459843954
45112025.MOV,586,4,290973.5,0.5888610482215881
45112025.MOV,587,4,289429.5,0.5474058836698532
45112025.MOV,588,5,273380.4,0.5528853014111519
45112025.MOV,589,5,280617.0,0.41214506328105927
45112025.MOV,590,5,278541.2,0.6011334160963694
45112025.MOV,591,6,234070.0,0.581354059278965
45112025.MOV,592,6,233784.5,0.532179482281208
45112025.MOV,593,6,224402.33333333334,0.7255683243274689
45112025.MOV,594,6,218731.5,0.62507314234972
45112025.MOV,595,6,213811.83333333334,0.6555179730057716
45112025.MOV,596,6,209446.66666666666,0.5357262715697289
45112025.MOV,597,6,211093.66666666666,0.5427128300070763
45112025.MOV,598,6,204776.83333333334,0.6798135936260223
45112025.MOV,599,6,234954.83333333334,0.556426577270031
45112025.MOV,600,6,231728.83333333334,0.5820652693510056
45112025.MOV,601,6,230422.33333333334,0.8431234359741211
45112025.MOV,602,6,229300.83333333334,0.8686324059963226
45112025.MOV,603,6,229457.66666666666,0.6538759768009186
45112025.MOV,604,6,228461.33333333334,0.8655657172203064
45112025.MOV,605,6,226949.33333333334,0.9067945182323456
45112025.MOV,606,6,225844.16666666666,0.9156928062438965
45112025.MOV,607,6,224743.5,0.8984607458114624
45112025.MOV,608,6,223875.5,0.9063137471675873
45112025.MOV,609,6,222894.0,0.894733339548111
45112025.MOV,610,6,221994.16666666666,0.8880095779895782
45112025.MOV,611,6,220913.83333333334,0.8920111358165741
45112025.MOV,612,6,219586.83333333334,0.9064067602157593
45112025.MOV,613,6,218271.5,0.9080616235733032
45112025.MOV,614,6,217092.5,0.9128022193908691
45112025.MOV,615,6,215866.83333333334,0.9157724976539612
45112025.MOV,616,5,207625.2,0.9139875769615173
45112025.MOV,617,5,206612.2,0.9127154648303986
45112025.MOV,618,5,205240.0,0.9208073318004608
45112025.MOV,619,5,204274.0,0.9174004793167114
45112025.MOV,620,5,203572.8,0.8914830088615417
45112025.MOV,621,5,202467.8,0.8965434432029724
45112025.MOV,622,5,202349.6,0.8908471167087555
45112025.MOV,623,5,201378.8,0.8850489556789398
45112025.MOV,624,5,201169.2,0.8965772986412048
45112025.MOV,625,5,200187.0,0.8772934675216675
45112025.MOV,626,5,199196.2,0.8490181863307953
45112025.MOV,627,5,201119.8,0.8830085694789886
45112025.MOV,628,4,201097.75,0.8930753767490387
45112025.MOV,629,4,201214.0,0.8881374597549438
45112025.MOV,630,4,202495.75,0.8814697563648224
45112025.MOV,631,3,271146.3333333333,0.8531104624271393
45112025.MOV,632,3,269626.0,0.8640506267547607
45112025.MOV,633,3,270452.6666666667,0.8639951348304749
45112025.MOV,634,2,274547.5,0.8454896211624146
45112025.MOV,635,2,273824.0,0.8377572298049927
45112025.MOV,636,2,271726.0,0.8722259104251862
45112025.MOV,637,2,270152.0,0.8764103353023529
45112025.MOV,638,2,270943.5,0.8475858569145203
45112025.MOV,639,2,270960.5,0.832943320274353
45112025.MOV,640,2,272222.0,0.8629368245601654
45112025.MOV,641,2,273086.0,0.8371796905994415
45112025.MOV,642,2,273945.0,0.8197788298130035
45112025.MOV,643,2,275562.0,0.8351313173770905
45112025.MOV,644,2,275270.0,0.8076373636722565
45112025.MOV,645,2,277488.5,0.778382420539856
45112025.MOV,646,2,278214.0,0.7392356097698212
45112025.MOV,647,2,280703.0,0.8709251582622528
45112025.MOV,648,2,281454.0,0.8532948195934296
45112025.MOV,649,2,281718.5,0.8647160232067108
45112025.MOV,650,2,281859.0,0.8652420938014984
45112025.MOV,651,2,283162.0,0.8816467225551605
45112025.MOV,652,2,284496.0,0.863723486661911
45112025.MOV,653,2,285485.5,0.8429518342018127
45112025.MOV,654,2,284355.0,0.7811041176319122
45112025.MOV,655,2,285142.0,0.8328537046909332
45112025.MOV,656,2,284303.0,0.7624152302742004
45112025.MOV,657,2,285174.0,0.7646794021129608
45112025.MOV,658,3,304411.0,0.6251754363377889
45112025.MOV,659,3,304257.3333333333,0.6084547638893127
45112025.MOV,660,3,306198.0,0.806896299123764
45112025.MOV,661,3,307293.3333333333,0.628368983666102
45112025.MOV,662,3,305377.6666666667,0.6345057388146719
45112025.MOV,663,3,304944.3333333333,0.6516114175319672
45112025.MOV,664,3,306733.3333333333,0.6560940643151602
45112025.MOV,665,3,308020.6666666667,0.6190088192621866
45112025.MOV,666,3,308831.3333333333,0.6364748179912567
45112025.MOV,667,3,308428.3333333333,0.6490746637185415
45112025.MOV,668,3,308566.0,0.6427939832210541
45112025.MOV,669,3,308571.3333333333,0.6573887467384338
45112025.MOV,670,3,308430.6666666667,0.6765296161174774
45112025.MOV,671,3,306365.3333333333,0.6786614159742991
45112025.MOV,672,3,304845.6666666667,0.6794386009375254
45112025.MOV,673,3,304639.6666666667,0.6736117204030355
45112025.MOV,674,3,304506.6666666667,0.6795513530572256
45112025.MOV,675,3,304480.6666666667,0.8865110874176025
45112025.MOV,676,3,304342.6666666667,0.8824988305568695
45112025.MOV,677,3,305473.6666666667,0.6754081050554911
45112025.MOV,678,3,303900.3333333333,0.6739629606405894
45112025.MOV,679,3,303354.3333333333,0.6565201381842295
45112025.MOV,680,3,303320.3333333333,0.6612120072046915
45112025.MOV,681,3,302631.3333333333,0.6631710032622019
45112025.MOV,682,3,302796.0,0.6765602131684622
45112025.MOV,683,3,302755.0,0.668956071138382
45112025.MOV,684,3,302579.3333333333,0.6717163324356079
45112025.MOV,685,3,304231.6666666667,0.6451189716657003
45112025.MOV,686,3,303205.3333333333,0.6532996793588003
45112025.MOV,687,3,300972.6666666667,0.566700687011083
45112025.MOV,688,3,300181.0,0.636641338467598
45112025.MOV,689,3,300785.6666666667,0.5712618827819824
45112025.MOV,690,3,301115.6666666667,0.5818402320146561
45112025.MOV,691,3,280904.0,0.6725749969482422
45112025.MOV,692,3,277621.6666666667,0.6463460624217987
45112025.MOV,693,3,275971.0,0.6644878387451172
45112025.MOV,694,3,276376.6666666667,0.5530282557010651
45112025.MOV,695,4,284191.25,0.47902121146519977
45112025.MOV,696,4,286289.0,0.5165114998817444
45112025.MOV,697,4,287737.5,0.4126539081335068
45112025.MOV,698,4,287258.25,0.5561146885156631
45112025.MOV,699,4,286462.5,0.5052972286939621
45112025.MOV,700,4,285482.75,0.43184466660022736
45112025.MOV,701,4,284557.0,0.48288312554359436
45112025.MOV,702,4,283755.5,0.41851238906383514
45112025.MOV,703,4,282668.25,0.6898626089096069
45112025.MOV,704,5,271788.8,0.5375134497880936
45112025.MOV,705,5,271010.4,0.5491383373737335
45112025.MOV,706,5,270408.4,0.5131167471408844
45112025.MOV,707,5,250385.2,0.416278342405955
45112025.MOV,708,5,242838.0,0.4166708290576935
45112025.MOV,709,5,240767.8,0.43271296223004657
45112025.MOV,710,5,235878.0,0.40848375360171
45112025.MOV,711,5,231448.8,0.42831528186798096
45112025.MOV,712,5,241391.6,0.35856160521507263
45112025.MOV,713,5,237744.0,0.43429623047510785
45112025.MOV,714,5,233973.0,0.4423407018184662
45112025.MOV,715,5,226772.2,0.4051113824049632
45112025.MOV,716,5,221766.0,0.4001280764738719
45112025.MOV,717,5,217678.2,0.5560129284858704
45112025.MOV,718,5,214195.2,0.582247793674469
45112025.MOV,719,5,210491.8,0.43101168672243756
45112025.MOV,720,5,207022.2,0.5275203585624695
45112025.MOV,721,5,206766.0,0.4774365723133087
45112025.MOV,722,5,204125.0,0.37353403369585675
45112025.MOV,723,5,201182.2,0.4383147358894348
45112025.MOV,724,5,198638.6,0.4328576326370239
45112025.MOV,725,5,198540.4,0.468526229262352
45112025.MOV,726,5,197938.2,0.4551454782485962
45112025.MOV,727,5,199633.8,0.38013868033885956
45112025.MOV,728,5,196496.0,0.3609994351863861
45112025.MOV,729,5,195368.0,0.3297838568687439
45112025.MOV,730,5,196956.6,0.39645283420880634
45112025.MOV,731,5,196099.0,0.45225436488787335
45112025.MOV,732,5,191729.8,0.3733417789141337
45112025.MOV,733,5,191317.8,0.40245671570301056
45112025.MOV,734,5,188586.2,0.3861810564994812
45112025.MOV,735,5,186580.0,0.37661925951639813
45112025.MOV,736,5,185410.4,0.28395524621009827
45112025.MOV,737,5,184402.6,0.3802062124013901
45112025.MOV,738,5,183304.4,0.4830324649810791
45112025.MOV,739,5,198713.2,0.34254175424575806
45112025.MOV,740,4,250384.5,0.32815955579280853
45112025.MOV,741,4,253126.75,0.2803533375263214
45112025.MOV,742,4,232194.25,0.4230736047029495
45112025.MOV,743,3,225570.33333333334,0.36552982529004413
45112025.MOV,744,3,225590.66666666666,0.25055572390556335
45112025.MOV,745,3,223368.0,0.3375987410545349
45112025.MOV,746,3,241746.33333333334,0.3154665231704712
45112025.MOV,747,3,245738.0,0.4579322338104248
45112025.MOV,748,3,249755.66666666666,0.33142760396003723
45112025.MOV,749,3,252366.66666666666,0.5096510499715805
45112025.MOV,750,3,254987.66666666666,0.6187010109424591
45112025.MOV,751,3,288136.0,0.4744029740492503
45112025.MOV,752,3,295635.6666666667,0.7184725105762482
45112025.MOV,753,3,301532.6666666667,0.5071950952212015
45112025.MOV,754,3,307505.0,0.7918388247489929
45112025.MOV,755,3,310552.6666666667,0.7231346368789673
45112025.MOV,756,3,312188.0,0.7341393828392029
45112025.MOV,757,3,311922.6666666667,0.7968036234378815
45112025.MOV,758,3,314269.6666666667,0.5745794475078583
45112025.MOV,759,3,311986.6666666667,0.516502320766449
45112025.MOV,760,3,310704.0,0.42198866605758667
45112025.MOV,761,3,308190.6666666667,0.6170839667320251
45112025.MOV,762,3,305702.6666666667,0.6116117238998413
45112025.MOV,763,3,301755.0,0.32934218645095825
45112025.MOV,764,4,262941.25,0.5356790721416473
45112025.MOV,765,4,258453.0,0.5808507651090622
45112025.MOV,766,4,254031.0,0.5985192656517029
45112025.MOV,767,4,250364.75,0.6092691868543625
45112025.MOV,768,4,226009.25,0.5531205336252848
45112025.MOV,769,4,220548.25,0.3994370996952057
45112025.MOV,770,4,241348.0,0.4820101857185364
45112025.MOV,771,4,206024.0,0.43006084114313126
45112025.MOV,772,4,209746.5,0.6072431206703186
45112025.MOV,773,4,187030.0,0.5717718005180359
45112025.MOV,774,4,174194.0,0.5223117470741272
45112025.MOV,775,4,162401.5,0.4370235602060954
45112025.MOV,776,4,155909.5,0.506258487701416
45112025.MOV,777,4,149280.5,0.32652702927589417
45112025.MOV,778,4,143533.5,0.30167338252067566
45112025.MOV,779,4,124800.25,0.4697185903787613
45112025.MOV,780,4,121522.75,0.3489968478679657
45112025.MOV,781,4,113812.0,0.40909284353256226
45112025.MOV,782,4,108333.75,0.6203749775886536
45112025.MOV,783,4,111308.75,0.6247031688690186
45112025.MOV,784,4,109444.5,0.6173231899738312
45112025.MOV,785,4,130065.75,0.305109570423762
45112025.MOV,786,4,129035.0,0.48234280943870544
45112025.MOV,787,4,124442.0,0.8326758742332458
45112025.MOV,788,4,122083.0,0.8494837880134583
45112025.MOV,789,4,116821.0,0.7452880442142487
45112025.MOV,790,4,110938.75,0.8399407863616943
45112025.MOV,791,4,120605.0,0.6114535530408224
45112025.MOV,792,4,120800.0,0.7745667695999146
45112025.MOV,793,4,121686.0,0.6000814586877823
45112025.MOV,794,4,123844.5,0.5573336780071259
45112025.MOV,795,4,112992.25,0.6334879696369171
45112025.MOV,796,4,121429.75,0.5696780532598495
45112025.MOV,797,4,121596.25,0.8723762631416321
45112025.MOV,798,4,111986.5,0.5429431349039078
45112025.MOV,799,4,110539.5,0.582166001200676
45112025.MOV,800,4,124909.25,0.6094464361667633
45112025.MOV,801,4,131780.75,0.7111470699310303
45112025.MOV,802,3,179244.0,0.6659035980701447
45112025.MOV,803,3,145709.0,0.5882482131322225
45112025.MOV,804,3,148069.66666666666,0.5701717634995779
45112025.MOV,805,3,150666.33333333334,0.6911808649698893
45112025.MOV,806,3,154386.33333333334,0.6966520051161448
45112025.MOV,807,3,154469.33333333334,0.5233431160449982
45112025.MOV,808,3,155150.66666666666,0.5837487876415253
45112025.MOV,809,3,155413.33333333334,0.46050895750522614
45112025.MOV,810,3,170421.0,0.5175265073776245
45112025.MOV,811,4,192033.5,0.5501877168814341
45112025.MOV,812,4,193534.0,0.5344250301520029
45112025.MOV,813,4,195251.75,0.48763800660769147
45112025.MOV,814,4,196019.5,0.5117047131061554
45112025.MOV,815,5,211401.2,0.42439141869544983
45112025.MOV,816,5,213617.2,0.5426935354868571
45112025.MOV,817,5,215591.8,0.590888500213623
45112025.MOV,818,5,216600.4,0.5988293439149857
45112025.MOV,819,5,218395.4,0.45778888463974
45112025.MOV,820,5,220053.8,0.47688405712445575
45112025.MOV,821,5,221994.2,0.4442196587721507
45112025.MOV,822,5,220039.4,0.5044517815113068
45112025.MOV,823,5,220066.0,0.419302761554718
45112025.MOV,824,5,220892.8,0.4702472537755966
45112025.MOV,825,5,221553.0,0.8007615208625793
45112025.MOV,826,6,216534.83333333334,0.69183349609375
45112025.MOV,827,6,217142.16666666666,0.5042499527335167
45112025.MOV,828,6,217190.5,0.7595314582188925
45112025.MOV,829,6,217074.83333333334,0.7294497092564901
45112025.MOV,830,6,216538.66666666666,0.7291380365689596
45112025.MOV,831,6,216638.33333333334,0.5049369484186172
45112025.MOV,832,6,216060.83333333334,0.6601143479347229
45112025.MOV,833,6,202427.66666666666,0.5522551164031029
45112025.MOV,834,6,201347.5,0.5983723898728689
45112025.MOV,835,6,200886.16666666666,0.5155383547147115
45112025.MOV,836,6,199826.0,0.5636280998587608
45112025.MOV,837,6,199415.66666666666,0.43449752777814865
45112025.MOV,838,6,191500.0,0.48406730890274047
45112025.MOV,839,6,195589.83333333334,0.4988888204097748
45112025.MOV,840,6,195230.66666666666,0.63334192832311
45112025.MOV,841,5,229353.0,0.6093837320804596
45112025.MOV,842,5,228275.2,0.6728818267583847
45112025.MOV,843,5,228406.0,0.6600546091794968
45112025.MOV,844,5,228459.2,0.5210778415203094
45112025.MOV,845,5,228418.8,0.6953923404216766
45112025.MOV,846,5,228682.0,0.5980553850531578
45112025.MOV,847,5,229411.2,0.6014455109834671
45112025.MOV,848,5,231172.8,0.580519862473011
45112025.MOV,849,5,231775.4,0.5182725861668587
45112025.MOV,850,6,231731.66666666666,0.4983989715576172
45112025.MOV,851,6,231945.33333333334,0.6486486295859019
45112025.MOV,852,6,233568.66666666666,0.5573289021849632
45112025.MOV,853,6,234128.83333333334,0.7245665589968363
45112025.MOV,854,6,234641.0,0.6579079131285349
45112025.MOV,855,6,235403.5,0.7338515520095825
45112025.MOV,856,6,236743.33333333334,0.7667145331700643
45112025.MOV,857,6,238204.33333333334,0.6014663353562355
45112025.MOV,858,6,238437.83333333334,0.662504032254219
45112025.MOV,859,6,238001.0,0.5879524797201157
45112025.MOV,860,6,238289.33333333334,0.6767495473225912
45112025.MOV,861,6,238449.66666666666,0.515866830945015
45112025.MOV,862,6,239883.16666666666,0.5247083703676859
45112025.MOV,863,6,239723.5,0.551551342010498
45112025.MOV,864,6,255347.16666666666,0.4888034264246623
45112025.MOV,865,6,256562.16666666666,0.4687652960419655
45112025.MOV,866,6,257278.83333333334,0.42162808775901794
45112025.MOV,867,6,258110.0,0.476181964079539
